{"cameraMode":{"drawMode":0,"name":"Shaded","section":"Shading Mode"},"sceneLighting":false,"audioPlay":false,"sceneViewState":{"m_AlwaysRefresh":false,"showFog":false,"showSkybox":false,"showFlares":true,"showImageEffects":true,"showParticleSystems":true,"showVisualEffectGraphs":true,"m_FxEnabled":false},"in2DMode":false,"pivot":{"x":-0.34654903411865237,"y":7.9512786865234379,"z":-0.4552297592163086},"rotation":{"x":0.14557844400405885,"y":-0.8526714444160461,"z":0.32388514280319216,"w":0.3832916021347046},"size":6.119923114776611,"orthographic":false}