{"cameraMode":{"drawMode":0,"name":"Shaded","section":"Shading Mode"},"sceneLighting":false,"audioPlay":false,"sceneViewState":{"m_AlwaysRefresh":false,"showFog":false,"showSkybox":false,"showFlares":true,"showImageEffects":true,"showParticleSystems":true,"showVisualEffectGraphs":true,"m_FxEnabled":false},"in2DMode":false,"pivot":{"x":0.8186373710632324,"y":24.394826889038087,"z":-0.8958303332328796},"rotation":{"x":-0.029300957918167115,"y":-0.6595941185951233,"z":0.025737812742590905,"w":-0.7506209015846252},"size":12.089542388916016,"orthographic":false}