{"cameraMode":{"drawMode":0,"name":"Shaded","section":"Shading Mode"},"sceneLighting":false,"audioPlay":false,"sceneViewState":{"m_AlwaysRefresh":false,"showFog":false,"showSkybox":false,"showFlares":true,"showImageEffects":true,"showParticleSystems":true,"showVisualEffectGraphs":true,"m_FxEnabled":false},"in2DMode":false,"pivot":{"x":7.138345241546631,"y":6.561577320098877,"z":10.428503036499024},"rotation":{"x":-0.057811953127384189,"y":0.36331525444984438,"z":-0.022593185305595399,"w":-0.9295980334281921},"size":20.100614547729493,"orthographic":false}