{"cameraMode":{"drawMode":0,"name":"Shaded","section":"Shading Mode"},"sceneLighting":false,"audioPlay":false,"sceneViewState":{"m_AlwaysRefresh":false,"showFog":false,"showSkybox":false,"showFlares":true,"showImageEffects":true,"showParticleSystems":true,"showVisualEffectGraphs":true,"m_FxEnabled":false},"in2DMode":false,"pivot":{"x":866.0646362304688,"y":14.238679885864258,"z":503.8844909667969},"rotation":{"x":0.029868735000491144,"y":-0.9312286972999573,"z":0.07841604202985764,"w":0.35472220182418826},"size":12.662445068359375,"orthographic":false}