{"cameraMode":{"drawMode":0,"name":"Shaded","section":"Shading Mode"},"sceneLighting":false,"audioPlay":false,"sceneViewState":{"m_AlwaysRefresh":false,"showFog":false,"showSkybox":false,"showFlares":true,"showImageEffects":true,"showParticleSystems":true,"showVisualEffectGraphs":true,"m_FxEnabled":false},"in2DMode":false,"pivot":{"x":0.6288900375366211,"y":10.506505966186524,"z":-5.500587463378906},"rotation":{"x":-0.031677670776844028,"y":-0.8391961455345154,"z":0.04915304109454155,"w":-0.5406926870346069},"size":12.497855186462403,"orthographic":false}