{"cameraMode":{"drawMode":0,"name":"Shaded","section":"Shading Mode"},"sceneLighting":false,"audioPlay":false,"sceneViewState":{"m_AlwaysRefresh":false,"showFog":true,"showSkybox":false,"showFlares":true,"showImageEffects":true,"showParticleSystems":true,"showVisualEffectGraphs":true,"m_FxEnabled":false},"in2DMode":false,"pivot":{"x":3.4526824951171877,"y":60.92509841918945,"z":4.370173931121826},"rotation":{"x":-0.018906211480498315,"y":0.7049401998519898,"z":0.018836453557014467,"w":0.7088720202445984},"size":32.18609619140625,"orthographic":false}